Image Reference,gradient_pct,Grade
Cam4_20250715_074125_166_A.jpg,1.185,1
Cam4_20250715_074127_570_A.jpg,1.515,1
Cam4_20250715_074129_971_A.jpg,1.902,1
Cam4_20250715_074132_373_A.jpg,2.256,1
Cam4_20250715_074134_176_A.jpg,2.575,1
Cam4_20250715_074136_578_A.jpg,2.695,1
Cam4_20250715_074138_983_A.jpg,2.415,1
Cam4_20250715_074141_386_A.jpg,1.996,1
Cam4_20250715_074143_789_A.jpg,1.614,1
Cam4_20250715_074146_191_A.jpg,1.256,1
Cam4_20250715_074149_195_A.jpg,0.867,1
Cam4_20250715_074150_998_A.jpg,0.556,1
Cam4_20250715_074154_011_A.jpg,0.292,1
Cam4_20250715_074156_414_A.jpg,0.203,1
Cam4_20250715_074159_416_A.jpg,0.167,1
Cam4_20250715_074201_818_A.jpg,-0.621,1
Cam4_20250715_074229_459_A.jpg,-0.454,1
Cam4_20250715_074232_463_A.jpg,-0.661,1
Cam4_20250715_074234_867_A.jpg,-0.851,1
Cam4_20250715_074237_870_A.jpg,-0.981,1
Cam4_20250715_074240_272_A.jpg,-1.11,1
Cam4_20250715_074242_675_A.jpg,-1.39,1
Cam4_20250715_074245_076_A.jpg,-1.599,1
Cam4_20250715_074250_483_A.jpg,-1.037,1
Cam4_20250715_074252_885_A.jpg,-0.762,1
Cam4_20250715_074255_289_A.jpg,-0.582,1
Cam4_20250715_074257_692_A.jpg,-0.387,1
Cam4_20250715_074300_695_A.jpg,-0.082,1
Cam4_20250715_074303_096_A.jpg,0.266,1
Cam4_20250715_074305_498_A.jpg,0.714,1
Cam4_20250715_074308_503_A.jpg,-1.293,1
Cam4_20250715_074328_333_A.jpg,-1.315,1
Cam4_20250715_074330_736_A.jpg,0.26,1
Cam4_20250715_074351_157_A.jpg,0.336,1
Cam4_20250715_074353_559_A.jpg,0.114,1
Cam4_20250715_074355_963_A.jpg,0.065,1
Cam4_20250715_074358_366_A.jpg,0.386,1
Cam4_20250715_074400_768_A.jpg,0.929,1
Cam4_20250715_074402_570_A.jpg,1.493,1
Cam4_20250715_074404_975_A.jpg,1.784,1
Cam4_20250715_074407_377_A.jpg,1.686,1
Cam4_20250715_074409_780_A.jpg,1.438,1
Cam4_20250715_074412_188_A.jpg,0.853,1
Cam4_20250715_074428_401_A.jpg,-0.212,1
Cam4_20250715_074430_806_A.jpg,0.23,1
Cam4_20250715_074433_210_A.jpg,0.714,1
Cam4_20250715_074435_614_A.jpg,1.002,1
Cam4_20250715_074438_017_A.jpg,0.966,1
Cam4_20250715_074440_420_A.jpg,0.933,1
Cam4_20250715_074442_822_A.jpg,0.929,1
Cam4_20250715_074444_624_A.jpg,0.65,1
Cam4_20250715_074447_027_A.jpg,0.166,1
Cam4_20250715_074449_430_A.jpg,-0.587,1
Cam4_20250715_074451_831_A.jpg,-1.456,1
Cam4_20250715_074454_233_A.jpg,-2.112,1
Cam4_20250715_074456_636_A.jpg,-2.392,1
Cam4_20250715_074459_040_A.jpg,-2.409,1
Cam4_20250715_074501_441_A.jpg,-2.214,1
Cam4_20250715_074503_843_A.jpg,-1.904,1
Cam4_20250715_074506_245_A.jpg,-1.63,1
Cam4_20250715_074508_649_A.jpg,-1.462,1
Cam4_20250715_074511_056_A.jpg,-1.4,1
Cam4_20250715_074512_862_A.jpg,-1.385,1
Cam4_20250715_074515_265_A.jpg,-1.343,1
Cam4_20250715_074517_666_A.jpg,-1.26,1
Cam4_20250715_074519_467_A.jpg,-1.131,1
Cam4_20250715_074521_870_A.jpg,-0.969,1
Cam4_20250715_074523_671_A.jpg,-0.753,1
Cam4_20250715_074526_074_A.jpg,-0.426,1
Cam4_20250715_074527_875_A.jpg,-0.059,1
Cam4_20250715_074530_279_A.jpg,0.307,1
Cam4_20250715_074533_282_A.jpg,0.686,1
Cam4_20250715_074536_890_A.jpg,1.055,1
Cam4_20250715_074541_696_A.jpg,0.94,1
Cam4_20250715_074548_302_A.jpg,0.686,1
Cam4_20250715_074552_506_A.jpg,1.672,1
Cam4_20250715_074555_510_A.jpg,1.522,1
Cam4_20250715_074558_524_A.jpg,1.403,1
Cam4_20250715_074600_926_A.jpg,1.419,1
Cam4_20250715_074603_930_A.jpg,1.485,1
Cam4_20250715_074606_334_A.jpg,1.457,1
Cam4_20250715_074609_336_A.jpg,1.313,1
Cam4_20250715_074611_737_A.jpg,1.173,1
Cam4_20250715_074614_140_A.jpg,1.125,1
Cam4_20250715_074616_543_A.jpg,1.253,1
Cam4_20250715_074618_345_A.jpg,1.305,1
Cam4_20250715_074620_747_A.jpg,0.822,1
Cam4_20250715_074623_150_A.jpg,0.58,1
Cam4_20250715_074626_152_A.jpg,1.308,1
Cam4_20250715_074628_555_A.jpg,0.626,1
Cam4_20250715_074630_957_A.jpg,0.028,1
Cam4_20250715_074633_358_A.jpg,-0.487,1
Cam4_20250715_074635_761_A.jpg,-0.998,1
Cam4_20250715_074637_564_A.jpg,-1.396,1
Cam4_20250715_074639_968_A.jpg,-1.521,1
Cam4_20250715_074642_369_A.jpg,-1.414,1
Cam4_20250715_074644_771_A.jpg,-1.282,1
Cam4_20250715_074646_573_A.jpg,-1.227,1
Cam4_20250715_074648_975_A.jpg,-1.182,1
Cam4_20250715_074651_977_A.jpg,-1.089,1
Cam4_20250715_074654_380_A.jpg,-0.976,1
Cam4_20250715_074658_584_A.jpg,-0.847,1
Cam4_20250715_074700_987_A.jpg,-0.902,1
Cam4_20250715_074703_389_A.jpg,-1.034,1
Cam4_20250715_074706_391_A.jpg,-1.238,1
Cam4_20250715_074709_396_A.jpg,-1.374,1
Cam4_20250715_074712_400_A.jpg,-1.33,1
Cam4_20250715_074714_802_A.jpg,-1.077,1
Cam4_20250715_074717_204_A.jpg,-0.78,1
Cam4_20250715_074719_006_A.jpg,-0.104,1
Cam4_20250715_074735_226_A.jpg,0.284,1
Cam4_20250715_074737_628_A.jpg,0.08,1
Cam4_20250715_074740_631_A.jpg,-0.266,1
Cam4_20250715_074744_238_A.jpg,0.03,1
Cam4_20250715_074747_240_A.jpg,0.138,1
Cam4_20250715_074749_647_A.jpg,0.122,1
Cam4_20250715_074752_053_A.jpg,0.135,1
Cam4_20250715_074754_471_A.jpg,0.13,1
Cam4_20250715_074756_875_A.jpg,0.156,1
Cam4_20250715_074759_878_A.jpg,0.268,1
Cam4_20250715_074802_281_A.jpg,0.396,1
Cam4_20250715_074804_682_A.jpg,0.447,1
Cam4_20250715_074807_085_A.jpg,0.401,1
Cam4_20250715_074809_487_A.jpg,0.333,1
Cam4_20250715_074811_889_A.jpg,0.219,1
Cam4_20250715_074814_291_A.jpg,0.118,1
Cam4_20250715_074849_731_A.jpg,0.82,1
Cam4_20250715_074852_132_A.jpg,0.927,1
Cam4_20250715_074855_135_A.jpg,0.912,1
Cam4_20250715_074858_141_A.jpg,0.411,1
Cam4_20250715_074900_545_A.jpg,-0.106,1
Cam4_20250715_074903_549_A.jpg,-0.339,1
Cam4_20250715_074905_952_A.jpg,-0.559,1
Cam4_20250715_074908_357_A.jpg,-0.076,1
Cam4_20250715_074942_999_D.jpg,2.76,1
Cam4_20250715_075007_827_A.jpg,1.507,1
Cam4_20250715_075010_831_A.jpg,-4.485,1
Cam4_20250715_075013_233_A.jpg,-7.045,1
Cam4_20250715_075015_634_A.jpg,-7.695,1
Cam4_20250715_075018_037_A.jpg,-6.579,1
Cam4_20250715_075020_439_A.jpg,-1.488,1
Cam4_20250715_075029_867_D.jpg,0.006,1
Cam4_20250715_075032_270_D.jpg,-0.009,1
Cam4_20250715_075040_262_A.jpg,-1.074,1
Cam4_20250715_075045_668_A.jpg,-0.486,1
Cam4_20250715_075048_072_A.jpg,-0.423,1
Cam4_20250715_075050_476_A.jpg,-0.344,1
Cam4_20250715_075052_276_A.jpg,-0.271,1
Cam4_20250715_075054_679_A.jpg,-0.212,1
Cam4_20250715_075057_081_A.jpg,-0.15,1
Cam4_20250715_075059_487_A.jpg,-0.065,1
Cam4_20250715_075101_893_A.jpg,0.103,1
Cam4_20250715_075104_296_A.jpg,0.327,1
Cam4_20250715_075106_098_A.jpg,0.538,1
Cam4_20250715_075108_501_A.jpg,0.657,1
Cam4_20250715_075110_303_A.jpg,0.651,1
Cam4_20250715_075112_706_A.jpg,0.55,1
Cam4_20250715_075114_510_A.jpg,0.422,1
Cam4_20250715_075116_911_A.jpg,0.478,1
Cam4_20250715_075148_747_A.jpg,0.233,1
Cam4_20250715_075150_548_A.jpg,0.26,1
Cam4_20250715_075152_951_A.jpg,0.529,1
Cam4_20250715_075201_369_A.jpg,0.757,1
Cam4_20250715_075203_172_A.jpg,2.448,1
Cam4_20250715_075212_182_A.jpg,1.31,1
Cam4_20250715_075214_584_A.jpg,0.55,1
Cam4_20250715_075217_588_A.jpg,0.063,1
Cam4_20250715_075220_592_A.jpg,-0.175,1
Cam4_20250715_075224_196_A.jpg,0.096,1
Cam4_20250715_075256_569_D.jpg,-0.012,1
Cam4_20250715_075258_972_D.jpg,0.022,1
Cam4_20250715_075300_773_D.jpg,0.074,1
Cam4_20250715_075303_176_D.jpg,0.166,1
Cam4_20250715_075305_581_D.jpg,0.4,1
Cam4_20250715_075308_583_D.jpg,1.247,1
Cam4_20250715_075315_799_D.jpg,1.352,1
Cam4_20250715_075318_202_D.jpg,1.45,1
Cam4_20250715_075320_004_D.jpg,1.619,1
Cam4_20250715_075322_407_D.jpg,1.673,1
Cam4_20250715_075324_210_D.jpg,1.532,1
Cam4_20250715_075326_614_D.jpg,1.249,1
Cam4_20250715_075329_019_D.jpg,0.915,1
Cam4_20250715_075332_622_D.jpg,-0.177,1
Cam4_20250715_075520_207_A.jpg,0.704,1
Cam4_20250715_075522_609_A.jpg,0.539,1
Cam4_20250715_075524_410_A.jpg,0.499,1
Cam4_20250715_075526_813_A.jpg,0.536,1
Cam4_20250715_075528_614_A.jpg,0.591,1
Cam4_20250715_075531_016_A.jpg,0.664,1
Cam4_20250715_075533_419_A.jpg,0.739,1
Cam4_20250715_075535_221_A.jpg,0.784,1
Cam4_20250715_075537_622_A.jpg,0.75,1
Cam4_20250715_075539_424_A.jpg,0.656,1
Cam4_20250715_075541_826_A.jpg,0.511,1
Cam4_20250715_075543_628_A.jpg,0.362,1
Cam4_20250715_075546_030_A.jpg,0.255,1
Cam4_20250715_075547_833_A.jpg,0.192,1
Cam4_20250715_075550_237_A.jpg,0.147,1
Cam4_20250715_075552_639_A.jpg,0.245,1
Cam4_20250715_075555_643_A.jpg,0.248,1
Cam4_20250715_075701_761_D.jpg,0.568,1
Cam4_20250715_075704_763_D.jpg,2.68,1
Cam4_20250715_075715_579_D.jpg,-2.022,1
Cam4_20250715_075758_843_D.jpg,0.064,1
Cam4_20250715_075818_083_D.jpg,0.1,1
Cam4_20250715_075820_488_D.jpg,1.792,1
Cam4_20250715_075833_721_D.jpg,0.286,1
Cam4_20250715_075836_128_D.jpg,0.217,1
Cam4_20250715_075838_531_D.jpg,1.777,1
Cam4_20250715_075856_564_D.jpg,-2.5,1
Cam4_20250715_075934_429_D.jpg,-1.834,1
Cam4_20250715_075936_232_D.jpg,-2.305,1
Cam4_20250715_075937_437_D.jpg,-2.696,1
Cam4_20250715_075938_640_D.jpg,-2.946,1
Cam4_20250715_075940_442_D.jpg,-2.92,1
Cam4_20250715_075941_642_D.jpg,-2.628,1
Cam4_20250715_075943_445_D.jpg,-2.33,1
Cam4_20250715_075944_647_D.jpg,0.071,1
Cam4_20250715_093820_102_A.jpg,-0.046,1
Cam4_20250715_093822_066_A.jpg,-0.065,1
Cam4_20250715_093823_868_A.jpg,-0.068,1
Cam4_20250715_093825_869_A.jpg,-0.074,1
Cam4_20250715_093827_070_A.jpg,-0.082,1
Cam4_20250715_093828_875_A.jpg,-0.077,1
Cam4_20250715_093830_805_A.jpg,-0.054,1
Cam4_20250715_093832_606_A.jpg,-0.029,1
Cam4_20250715_093834_545_A.jpg,-0.008,1
Cam4_20250715_093836_346_A.jpg,0.011,1
Cam4_20250715_093838_149_A.jpg,0.025,1
Cam4_20250715_093840_034_A.jpg,0.035,1
Cam4_20250715_093841_835_A.jpg,0.651,1
Cam4_20250715_093922_265_A.jpg,0.695,1
Cam4_20250715_093924_671_A.jpg,0.906,1
Cam4_20250715_093927_283_A.jpg,0.996,1
Cam4_20250715_093929_685_A.jpg,0.932,1
Cam4_20250715_093932_770_A.jpg,0.941,1
Cam4_20250715_093935_885_A.jpg,0.766,1
Cam4_20250715_093938_288_A.jpg,0.927,1
Cam4_20250715_093940_739_A.jpg,0.862,1
Cam4_20250715_093943_142_A.jpg,0.738,1
Cam4_20250715_093945_653_A.jpg,0.508,1
Cam4_20250715_093948_656_A.jpg,0.31,1
Cam4_20250715_093951_721_A.jpg,0.366,1
Cam4_20250715_094100_958_A.jpg,0.382,1
Cam4_20250715_094104_054_A.jpg,0.419,1
Cam4_20250715_094106_456_A.jpg,0.14,1
Cam4_20250715_094116_593_A.jpg,-0.627,1
Cam4_20250715_094304_973_A.jpg,-0.355,1
Cam4_20250715_094306_829_A.jpg,-0.427,1
Cam4_20250715_094308_631_A.jpg,-0.479,1
Cam4_20250715_094311_253_A.jpg,-0.516,1
Cam4_20250715_094313_654_A.jpg,-0.378,1
Cam4_20250715_094316_223_A.jpg,-0.255,1
Cam4_20250715_094318_233_A.jpg,-0.438,1
Cam4_20250715_094320_876_A.jpg,-0.618,1
Cam4_20250715_094322_679_A.jpg,-0.758,1
Cam4_20250715_094324_646_A.jpg,-0.819,1
Cam4_20250715_094326_448_A.jpg,-0.819,1
Cam4_20250715_094328_501_A.jpg,-0.83,1
Cam4_20250715_094330_520_A.jpg,-0.919,1
Cam4_20250715_094332_322_A.jpg,-1.077,1
Cam4_20250715_094334_124_A.jpg,-1.155,1
Cam4_20250715_094336_616_A.jpg,-1.075,1
Cam4_20250715_094338_427_A.jpg,-0.971,1
Cam4_20250715_094340_966_A.jpg,-0.593,1
Cam4_20250715_094342_767_A.jpg,-0.262,1
Cam4_20250715_094344_776_A.jpg,0.049,1
Cam4_20250715_094600_554_A.jpg,-1.028,1
Cam4_20250715_094602_356_A.jpg,-1.058,1
Cam4_20250715_094604_285_A.jpg,-1.146,1
Cam4_20250715_094606_086_A.jpg,-1.231,1
Cam4_20250715_094608_679_A.jpg,-1.244,1
Cam4_20250715_094610_704_A.jpg,-1.14,1
Cam4_20250715_094612_515_A.jpg,-0.901,1
Cam4_20250715_094615_133_A.jpg,-0.613,1
Cam4_20250715_094617_579_A.jpg,-0.411,1
Cam4_20250715_094619_981_A.jpg,-0.335,1
Cam4_20250715_094622_548_A.jpg,-0.399,1
Cam4_20250715_094624_350_A.jpg,-0.517,1
Cam4_20250715_094626_329_A.jpg,-0.63,1
Cam4_20250715_094628_130_A.jpg,-0.677,1
Cam4_20250715_094630_737_A.jpg,-0.638,1
Cam4_20250715_094632_760_A.jpg,-0.557,1
Cam4_20250715_094634_561_A.jpg,-0.465,1
Cam4_20250715_094636_585_A.jpg,-0.399,1
Cam4_20250715_094638_388_A.jpg,-0.374,1
Cam4_20250715_094640_350_A.jpg,-0.395,1
Cam4_20250715_094642_752_A.jpg,-0.458,1
Cam4_20250715_094644_554_A.jpg,-0.536,1
Cam4_20250715_094646_552_A.jpg,-0.599,1
Cam4_20250715_094648_533_A.jpg,-0.621,1
Cam4_20250715_094650_935_A.jpg,-0.602,1
Cam4_20250715_094653_474_A.jpg,-0.61,1
Cam4_20250715_094655_280_A.jpg,-0.667,1
Cam4_20250715_094657_082_A.jpg,-0.695,1
Cam4_20250715_094659_013_A.jpg,-0.615,1
Cam4_20250715_094701_415_A.jpg,-0.424,1
Cam4_20250715_094703_330_A.jpg,-0.191,1
Cam4_20250715_094705_738_A.jpg,0.02,1
Cam4_20250715_094707_767_A.jpg,0.195,1
Cam4_20250715_094710_170_A.jpg,0.322,1
Cam4_20250715_094712_076_A.jpg,0.412,1
Cam4_20250715_094714_477_A.jpg,0.45,1
Cam4_20250715_094716_450_A.jpg,0.361,1
Cam4_20250715_094718_254_A.jpg,0.16,1
Cam4_20250715_094720_228_A.jpg,-0.043,1
Cam4_20250715_094722_031_A.jpg,-0.111,1
Cam4_20250715_094723_833_A.jpg,-0.026,1
Cam4_20250715_094725_863_A.jpg,0.109,1
Cam4_20250715_094728_266_A.jpg,0.389,1
Cam4_20250715_094730_195_A.jpg,0.712,1
Cam4_20250715_094731_997_A.jpg,1.463,1
Cam4_20250715_094734_591_A.jpg,1.541,1
Cam4_20250715_094736_635_A.jpg,0.632,1
Cam4_20250715_094738_441_A.jpg,-0.091,1
Cam4_20250715_094741_047_A.jpg,-0.458,1
Cam4_20250715_094742_985_A.jpg,-0.447,1
Cam4_20250715_094744_786_A.jpg,-0.132,1
Cam4_20250715_094746_826_A.jpg,0.053,1
Cam4_20250715_094748_845_A.jpg,-0.012,1
Cam4_20250715_094751_247_A.jpg,-0.219,1
Cam4_20250715_094753_284_A.jpg,-0.41,1
Cam4_20250715_094755_937_A.jpg,-0.436,1
Cam4_20250715_094757_741_A.jpg,-0.233,1
Cam4_20250715_094759_737_A.jpg,0.078,1
Cam4_20250715_094802_141_A.jpg,0.224,1
Cam4_20250715_094803_943_A.jpg,0.266,1
Cam4_20250715_094805_968_A.jpg,0.379,1
Cam4_20250715_094807_174_A.jpg,0.577,1
Cam4_20250715_094808_980_A.jpg,0.714,1
Cam4_20250715_094810_937_A.jpg,0.539,1
Cam4_20250715_094812_738_A.jpg,0.079,1
Cam4_20250715_094814_754_A.jpg,-0.452,1
Cam4_20250715_094816_556_A.jpg,-0.799,1
Cam4_20250715_094818_619_A.jpg,-0.83,1
Cam4_20250715_094820_421_A.jpg,-0.628,1
Cam4_20250715_094823_007_A.jpg,-0.381,1
Cam4_20250715_094824_810_A.jpg,-0.163,1
Cam4_20250715_094826_612_A.jpg,-0.122,1
Cam4_20250715_094829_245_A.jpg,-0.241,1
Cam4_20250715_094831_047_A.jpg,-0.243,1
Cam4_20250715_094832_989_A.jpg,-0.185,1
Cam4_20250715_094835_392_A.jpg,-0.122,1
Cam4_20250715_094837_325_A.jpg,-0.082,1
Cam4_20250715_094840_929_A.jpg,0.039,1
Cam4_20250715_094846_502_A.jpg,0.175,1
Cam4_20250715_094851_511_A.jpg,0.32,1
Cam4_20250715_094855_899_A.jpg,0.292,1
Cam4_20250715_094858_488_A.jpg,0.056,1
Cam4_20250715_094900_890_A.jpg,-0.185,1
Cam4_20250715_094902_921_A.jpg,-0.249,1
Cam4_20250715_094906_531_A.jpg,-0.186,1
Cam4_20250715_094909_140_A.jpg,-0.132,1
Cam4_20250715_094911_541_A.jpg,-0.157,1
Cam4_20250715_094913_513_A.jpg,-0.182,1
Cam4_20250715_094915_915_A.jpg,-0.145,1
Cam4_20250715_094917_916_A.jpg,-0.1,1
Cam4_20250715_094920_324_A.jpg,-0.09,1
Cam4_20250715_094922_308_A.jpg,-0.096,1
Cam4_20250715_094924_114_A.jpg,-0.1,1
Cam4_20250715_094926_815_A.jpg,-0.079,1
Cam4_20250715_094929_218_A.jpg,-0.025,1
Cam4_20250715_094931_915_A.jpg,-0.051,1
Cam4_20250715_094934_318_A.jpg,-0.165,1
Cam4_20250715_094936_273_A.jpg,-0.363,1
Cam4_20250715_094938_678_A.jpg,-0.585,1
Cam4_20250715_094940_703_A.jpg,-0.68,1
Cam4_20250715_094943_964_A.jpg,-0.621,1
Cam4_20250715_094945_769_A.jpg,-0.54,1
Cam4_20250715_094948_170_A.jpg,-0.503,1
Cam4_20250715_094950_162_A.jpg,-0.409,1
Cam4_20250715_094952_568_A.jpg,1.33,1
Cam4_20250715_095306_519_A.jpg,1.42,1
Cam4_20250715_095308_921_A.jpg,0.773,1
Cam4_20250715_095310_973_A.jpg,0.096,1
Cam4_20250715_095312_775_A.jpg,-0.532,1
Cam4_20250715_095314_578_A.jpg,-1.053,1
Cam4_20250715_095316_984_A.jpg,-1.395,1
Cam4_20250715_095319_007_A.jpg,-1.671,1
Cam4_20250715_095320_809_A.jpg,-2.186,1
Cam4_20250715_095323_453_A.jpg,-2.54,1
Cam4_20250715_095325_256_A.jpg,-2.536,1
Cam4_20250715_095327_950_A.jpg,-2.289,1
Cam4_20250715_095329_751_A.jpg,-1.852,1
Cam4_20250715_095332_154_A.jpg,-1.368,1
Cam4_20250715_095334_819_A.jpg,-0.958,1
Cam4_20250715_095340_827_A.jpg,-0.531,1
Cam4_20250715_095343_833_A.jpg,-0.474,1
Cam4_20250715_095346_503_A.jpg,-0.776,1
Cam4_20250715_095348_906_A.jpg,-1.392,1
Cam4_20250715_095351_593_A.jpg,-1.78,1
Cam4_20250715_095353_996_A.jpg,-1.801,1
Cam4_20250715_095356_083_A.jpg,-1.556,1
Cam4_20250715_095358_499_A.jpg,-0.995,1
Cam4_20250715_095400_906_A.jpg,-0.315,1
Cam4_20250715_095402_709_A.jpg,0.288,1
Cam4_20250715_095404_511_A.jpg,0.651,1
Cam4_20250715_095406_590_A.jpg,0.677,1
Cam4_20250715_095408_393_A.jpg,0.525,1
Cam4_20250715_095410_797_A.jpg,0.516,1
Cam4_20250715_095412_601_A.jpg,0.728,1
Cam4_20250715_095415_288_A.jpg,1.021,1
Cam4_20250715_095417_119_A.jpg,1.245,1
Cam4_20250715_095418_923_A.jpg,1.406,1
Cam4_20250715_095421_325_A.jpg,1.517,1
Cam4_20250715_095423_131_A.jpg,1.63,1
Cam4_20250715_095425_213_A.jpg,1.78,1
Cam4_20250715_095427_324_A.jpg,1.944,1
Cam4_20250715_095429_129_A.jpg,2.084,1
Cam4_20250715_095431_534_A.jpg,2.134,1
Cam4_20250715_095433_938_A.jpg,2.19,1
Cam4_20250715_095436_611_A.jpg,2.281,1
Cam4_20250715_095439_615_A.jpg,2.325,1
Cam4_20250715_095443_635_A.jpg,1.988,1
Cam4_20250715_095446_039_A.jpg,0.977,1
Cam4_20250715_095448_441_A.jpg,-0.477,1
Cam4_20250715_095450_842_A.jpg,-1.698,1
Cam4_20250715_095453_245_A.jpg,-2.16,1
Cam4_20250715_095455_911_A.jpg,-1.868,1
Cam4_20250715_095458_313_A.jpg,-1.127,1
Cam4_20250715_095500_116_A.jpg,-0.228,1
Cam4_20250715_095502_531_A.jpg,0.276,1
Cam4_20250715_095504_332_A.jpg,-0.083,1
Cam4_20250715_095506_734_A.jpg,-1.251,1
Cam4_20250715_095508_815_A.jpg,-2.513,1
Cam4_20250715_095511_243_A.jpg,-2.92,1
Cam4_20250715_095513_649_A.jpg,-2.286,1
Cam4_20250715_095515_452_A.jpg,-1.594,1
Cam4_20250715_095517_253_A.jpg,-1.298,1
Cam4_20250715_095519_063_A.jpg,-1.291,1
Cam4_20250715_095520_866_A.jpg,-1.21,1
Cam4_20250715_095522_952_A.jpg,-0.89,1
Cam4_20250715_095524_763_A.jpg,-0.495,1
Cam4_20250715_095527_175_A.jpg,-0.369,1
Cam4_20250715_095528_977_A.jpg,-0.505,1
Cam4_20250715_095531_384_A.jpg,-0.666,1
Cam4_20250715_095533_853_A.jpg,-0.545,1
Cam4_20250715_095536_256_A.jpg,-0.116,1
Cam4_20250715_095538_063_A.jpg,0.369,1
Cam4_20250715_095539_872_A.jpg,0.812,1
Cam4_20250715_095542_275_A.jpg,1.169,1
Cam4_20250715_095544_076_A.jpg,1.713,1
Cam4_20250715_095546_478_A.jpg,2.635,1
Cam4_20250715_095549_177_A.jpg,3.487,1
Cam4_20250715_095550_980_A.jpg,3.874,1
Cam4_20250715_095552_782_A.jpg,3.518,1
Cam4_20250715_095554_858_A.jpg,2.311,1
Cam4_20250715_095556_660_A.jpg,0.379,1
Cam4_20250715_095559_063_A.jpg,-1.337,1
Cam4_20250715_095600_874_A.jpg,-2.159,1
Cam4_20250715_095603_277_A.jpg,-2.057,1
Cam4_20250715_095605_083_A.jpg,-1.586,1
Cam4_20250715_095606_599_A.jpg,-0.963,1
Cam4_20250715_095608_401_A.jpg,-0.258,1
Cam4_20250715_095610_204_A.jpg,0.356,1
Cam4_20250715_095612_013_A.jpg,0.911,1
Cam4_20250715_095613_815_A.jpg,1.415,1
Cam4_20250715_095615_616_A.jpg,1.789,1
Cam4_20250715_095617_423_A.jpg,1.88,1
Cam4_20250715_095619_825_A.jpg,1.588,1
Cam4_20250715_095621_925_A.jpg,1.225,1
Cam4_20250715_095623_727_A.jpg,0.919,1
Cam4_20250715_095625_820_A.jpg,0.723,1
Cam4_20250715_095627_021_A.jpg,0.533,1
Cam4_20250715_095628_823_A.jpg,0.274,1
Cam4_20250715_095630_884_A.jpg,0.068,1
Cam4_20250715_095632_690_A.jpg,0.053,1
Cam4_20250715_095635_092_A.jpg,0.271,1
Cam4_20250715_095637_183_A.jpg,0.567,1
Cam4_20250715_095638_991_A.jpg,0.816,1
Cam4_20250715_095641_395_A.jpg,0.776,1
Cam4_20250715_095643_439_A.jpg,0.222,1
Cam4_20250715_095646_130_A.jpg,-0.628,1
Cam4_20250715_095647_933_A.jpg,-1.335,1
Cam4_20250715_095650_336_A.jpg,-1.685,1
Cam4_20250715_095652_143_A.jpg,-1.639,1
Cam4_20250715_095654_226_A.jpg,-1.438,1
Cam4_20250715_095656_920_A.jpg,-1.252,1
Cam4_20250715_095658_723_A.jpg,-1.119,1
Cam4_20250715_095700_817_A.jpg,-0.967,1
Cam4_20250715_095702_909_A.jpg,-0.895,1
Cam4_20250715_095704_711_A.jpg,-1.078,1
Cam4_20250715_095707_113_A.jpg,-1.41,1
Cam4_20250715_095709_247_A.jpg,-1.689,1
Cam4_20250715_095711_048_A.jpg,-1.821,1
Cam4_20250715_095712_851_A.jpg,-1.742,1
Cam4_20250715_095715_512_A.jpg,-1.498,1
Cam4_20250715_095717_313_A.jpg,-1.224,1
Cam4_20250715_095719_716_A.jpg,-1.02,1
Cam4_20250715_095721_714_A.jpg,-0.96,1
Cam4_20250715_095724_121_A.jpg,-0.943,1
Cam4_20250715_095725_923_A.jpg,-0.852,1
Cam4_20250715_095728_326_A.jpg,-0.635,1
Cam4_20250715_095730_127_A.jpg,-0.45,1
Cam4_20250715_095731_329_A.jpg,-0.409,1
Cam4_20250715_095733_439_A.jpg,-0.603,1
Cam4_20250715_095735_241_A.jpg,-0.875,1
Cam4_20250715_095737_273_A.jpg,-1.007,1
Cam4_20250715_095739_075_A.jpg,-0.973,1
Cam4_20250715_095741_188_A.jpg,-0.897,1
Cam4_20250715_095742_992_A.jpg,-0.844,1
Cam4_20250715_095744_794_A.jpg,-0.79,1
Cam4_20250715_095746_891_A.jpg,-0.693,1
Cam4_20250715_095748_692_A.jpg,-0.55,1
Cam4_20250715_095750_496_A.jpg,-0.388,1
Cam4_20250715_095752_299_A.jpg,-0.228,1
Cam4_20250715_095754_701_A.jpg,-0.11,1
Cam4_20250715_095756_730_A.jpg,-0.045,1
Cam4_20250715_095758_532_A.jpg,-0.01,1
Cam4_20250715_095800_942_A.jpg,0.005,1
Cam4_20250715_095802_744_A.jpg,0.0,1
Cam4_20250715_095804_545_A.jpg,-0.009,1
Cam4_20250715_095806_568_A.jpg,0.02,1
Cam4_20250715_095808_369_A.jpg,0.112,1
Cam4_20250715_095810_174_A.jpg,0.272,1
Cam4_20250715_095811_976_A.jpg,0.536,1
Cam4_20250715_095813_957_A.jpg,0.874,1
Cam4_20250715_095815_768_A.jpg,1.195,1
Cam4_20250715_095818_170_A.jpg,1.241,1
Cam4_20250715_095820_296_A.jpg,1.04,1
Cam4_20250715_095822_698_A.jpg,0.787,1
Cam4_20250715_095826_902_A.jpg,-0.581,1
Cam4_20250715_095910_400_A.jpg,0.048,1
Cam4_20250715_095911_602_A.jpg,0.07,1
Cam4_20250715_095914_005_A.jpg,0.08,1
Cam4_20250715_095915_808_A.jpg,0.078,1
Cam4_20250715_095917_893_A.jpg,0.067,1
Cam4_20250715_095919_695_A.jpg,0.055,1
Cam4_20250715_095922_203_A.jpg,0.071,1
Cam4_20250715_095924_005_A.jpg,0.147,1
Cam4_20250715_095925_808_A.jpg,0.306,1
Cam4_20250715_095927_939_A.jpg,0.516,1
Cam4_20250715_095929_740_A.jpg,0.744,1
Cam4_20250715_095932_143_A.jpg,0.906,1
Cam4_20250715_095933_946_A.jpg,1.037,1
Cam4_20250715_095936_056_A.jpg,1.238,1
Cam4_20250715_095937_857_A.jpg,1.528,1
Cam4_20250715_095940_259_A.jpg,1.624,1
Cam4_20250715_095942_061_A.jpg,1.765,1
Cam4_20250715_095944_143_A.jpg,2.133,1
Cam4_20250715_095946_546_A.jpg,1.819,1
Cam4_20250715_095948_348_A.jpg,0.061,1
Cam4_20250716_074753_215_B.jpg,0.175,1
Cam4_20250716_074756_820_B.jpg,-0.045,1
Cam4_20250716_074800_424_B.jpg,-0.134,1
Cam4_20250716_074804_028_B.jpg,-0.243,1
Cam4_20250716_074934_735_B.jpg,-1.58,1
Cam4_20250716_074952_756_B.jpg,-0.056,1
Cam4_20250721_074954_916_A.jpg,0.105,1
Cam4_20250721_075005_124_A.jpg,0.367,1
Cam4_20250721_075009_333_A.jpg,0.168,1
Cam4_20250818_082912_879_A.jpg,-0.396,1
Cam4_20250818_082915_884_A.jpg,-0.348,1
